text,label
Is good,affirm
Oh ok sir,affirm
Yes I am the one,affirm
I would say so,affirm
Okay,affirm
"Yes, OK",affirm
Hmmmm,affirm
I would say yes,affirm
Hmmmm,affirm
sure,affirm
This is it,affirm
Hmmmm,affirm
correct,affirm
Ok OK,affirm
Yes Yes,affirm
"Yes, OK",affirm
Cool,affirm
Yes,affirm
Oh ok sir,affirm
"Yes, OK",affirm
Here,affirm
Ok OK,affirm
Sure,affirm
Fine,affirm
Yes,affirm
Oh ok sir,affirm
OK then,affirm
Okay,affirm
O ye,affirm
You are right,affirm
exactly,affirm
Yes,affirm
Cool,affirm
Yes,affirm
Awesome,affirm
correct,affirm
Yes,affirm
Yes,affirm
Okay,affirm
Yes,affirm
Okay,affirm
हां हां,affirm
ठीक है,affirm
अच्छा ठीक है सर,affirm
हां मैं ही हूं,affirm
हां ऐसे ही,affirm
ओके,affirm
हां ठीक है,affirm
हम्म,affirm
हां कहूंगा मैं,affirm
हम्म,affirm
पक्का,affirm
यही है,affirm
हम्म,affirm
सही,affirm
ठीक है ठीक है,affirm
हां हां,affirm
हां ओके,affirm
कूल,affirm
हां,affirm
ओ ठीक है सर,affirm
हां ओके,affirm
यही,affirm
ओके ओके,affirm
श्योर,affirm
ठीक है,affirm
हां,affirm
अच्छा ठीक है सर,affirm
ठीक है फिर,affirm
ओके,affirm
हां यही,affirm
सही हो तुम,affirm
सही में,affirm
हां,affirm
कूल,affirm
हां,affirm
बहुत बढ़िया,affirm
सही है,affirm
हां,affirm
हां,affirm
हा हा,affirm
ठीक आहे,affirm
हा ठीक आहे सर,affirm
हो मीच आहे,affirm
हा असच,affirm
ओके,affirm
हा ठीक आहे,affirm
हं,affirm
हा बोलतो मी,affirm
हम्म,affirm
पुढे बोला,affirm
नक्की,affirm
इथंच आहे,affirm
हम्म,affirm
बरोबर,affirm
ठीक आहे ठीक आहे,affirm
हा हा,affirm
हा ओके,affirm
निवांत,affirm
हा,affirm
ओ ठीक आहे सर,affirm
हा ओके,affirm
इथंच,affirm
ओके ओके,affirm
नक्की,affirm
ठीक आहे हा,affirm
हा,affirm
अच्छा ठीक आहे सर,affirm
मग ठीक आहे,affirm
ओके,affirm
हा,affirm
बरोबर आहात तुमि,affirm
बरोबर ना,affirm
हा,affirm
कूल,affirm
हा,affirm
खूपच उत्तम,affirm
आहे बरोबर,affirm
हा,affirm
हा,affirm
ಚೆನ್ನಾಗಿದೆ,affirm
ಒಹ್ ಸರಿ ಸರ್,affirm
ಹೌದು ನಾನೊಬ್ಬನೇ,affirm
ನಾನು ಹಾಗೆ ಹೇಳುತ್ತೇನೆ,affirm
ಸರಿ,affirm
ಹೌದು ಸರಿ,affirm
ಹ್ಮ್ಮ್ಮ್,affirm
ನಾನು ಹೌದು ಎಂದು ಹೇಳುತ್ತೇನೆ,affirm
ಹಾನ್,affirm
ಮುಂದುವರೆಯಿರಿ,affirm
ಖಚಿತ,affirm
ಇದು ಅಷ್ಟೇ,affirm
ಹ್ಮ್,affirm
ಸರಿ,affirm
ಸರಿ ಸರಿ,affirm
ಹೌದು ಹೌದು,affirm
ಹೌದು ಸರಿ,affirm
ಕೂಲ್,affirm
ಹೌದು,affirm
ಒಹ್ ಸರಿ ಮೇಡಂ,affirm
ಹೌದು ಸರಿ,affirm
ಇಲ್ಲಿ,affirm
ಸರಿ ಸರಿ,affirm
ಖಚಿತ,affirm
ಚೆನ್ನಾಗಿದೆ,affirm
ಹೌದು,affirm
ಒಹ್ ಸರಿ ಸರ್,affirm
ಸರಿ ಹಾಗಾದರೆ,affirm
ಸರಿ,affirm
ಓ ಏ,affirm
ನೀನು ಸರಿ,affirm
ಎಕ್ಸಾಕ್ಟ್ಲಿ,affirm
ಸರಿ,affirm
ಕೂಲ್,affirm
ಸರಿ,affirm
ಅದ್ಭುತ,affirm
ಸರಿ,affirm
ಹೌದು,affirm
ಹೌದು,affirm
ಸರಿ,affirm
হ্যাঁ হ্যাঁ,affirm
ঠিক আছে,affirm
আচ্ছা ঠিক আছে স্যার,affirm
হ্যাঁ আমিই সেই,affirm
"হ্যাঁ, এরকমই।",affirm
ঠিক আছে,affirm
হ্যাঁ ঠিক আছে।,affirm
হুম,affirm
"হ্যাঁ, আমি বলব।",affirm
হুম,affirm
এগিয়ে চলো।,affirm
নিশ্চিত,affirm
এটাই তো।,affirm
হুম,affirm
ঠিক,affirm
ঠিক আছে ঠিক আছে,affirm
হ্যাঁ হ্যাঁ,affirm
হ্যাঁ ঠিক আছে,affirm
শান্তি,affirm
হ্যাঁ,affirm
সেটা ঠিক আছে স্যার,affirm
হ্যাঁ ঠিক আছে,affirm
এটাই,affirm
ঠিক আছে ঠিক আছে,affirm
অবশ্যই,affirm
ঠিক আছে,affirm
হ্যাঁ,affirm
আচ্ছা ঠিক আছে স্যার,affirm
ঠিক আছে তাহলে।,affirm
ঠিক আছে।,affirm
হ্যাঁ এটাই,affirm
তুমিই ঠিক,affirm
সত্যি তো,affirm
হ্যাঁ,affirm
শান্তি,affirm
হ্যাঁ,affirm
দারুণ,affirm
ঠিক আছে,affirm
হ্যাঁ,affirm
হ্যাঁ,affirm
అది మంచిది,affirm
ఓ..! అలాగే సార్,affirm
అవును అది నేనే,affirm
నేను అదే చెప్తాను,affirm
సరే,affirm
"అవును, సరే",affirm
మ్....,affirm
నేనైతే యెస్ చెప్తాను,affirm
మ్...,affirm
కానివ్వండి,affirm
ఖచ్చితంగా,affirm
ఇంకా ఇంతే,affirm
మ్....,affirm
సరైన,affirm
సరే సరే,affirm
అవును అవును,affirm
"అవును, సరే",affirm
మంచిది,affirm
అవును,affirm
ఓ సరే సార్,affirm
"అవును, ఓకే",affirm
ఇక్కడ,affirm
సరే సరే,affirm
ఖచ్చితంగా,affirm
బాగున్నాను,affirm
అవును,affirm
ఓ సరే సార్,affirm
సరే అయితే,affirm
సరే,affirm
ఓ యే,affirm
నువ్వు చెప్పిందే నిజం,affirm
సరిగ్గా,affirm
అవును,affirm
మంచిది,affirm
అవును,affirm
అద్భుతం,affirm
సరైన,affirm
అవును,affirm
అవును,affirm
సరే,affirm
"No, I cannot",deny
Nothing,deny
"No, I have changed my mind.",deny
"No, I do not want that.",deny
I can not,deny
No,deny
"No, I do not want that.",deny
No,deny
Nah,deny
Nothing,deny
I do not know,deny
Nothing,deny
I do not know,deny
forget it,deny
I do not remember,deny
Not at all,deny
Nah,deny
no chance,deny
No,deny
No question,deny
not possible,deny
I can not,deny
No No,deny
No wait,deny
No,deny
Oh no baby,deny
No,deny
No,deny
I do not know,deny
no chance,deny
No,deny
forget it,deny
I do not want to,deny
no,deny
not needed,deny
I do not want to,deny
Oh don't want to know,deny
Nothing to know,deny
I have not ordered,deny
I don't want it,deny
और कुछ नहीं,deny
"नहीं, मैंने अपना विचार बदल दिया है",deny
"नहीं, मैं ऐसा नहीं चाहता",deny
मैं नहीं कर सकता,deny
ना,deny
"नहीं, मैं ऐसा नहीं चाहता",deny
नाय,deny
नाह,deny
और कुछ नहीं,deny
मुझे नहीं पता,deny
और कुछ नहीं,deny
मुझे नहीं पता,deny
रहने भी दो,deny
मुझे याद नहीं है,deny
हर्गिज नहीं,deny
नाह,deny
कोई मौका नहीं,deny
नहीं,deny
सवाल ही नहीं,deny
संभव नहीं,deny
मैं नहीं कर सकता,deny
ना ना,deny
इंतज़ार नही.,deny
नहीं,deny
अरे नहीं बाबा,deny
नहीं,deny
ना,deny
मुझे नहीं पता,deny
कोई मौका नहीं,deny
ना,deny
रहने भी दो,deny
मैं नहीं करना चाहता,deny
नही,deny
ना ना,deny
मैं नहीं करना चाहता,deny
अरे नहीं जानना है,deny
कुछ नहीं जानना है,deny
मैंने नहीं दिया है,deny
मैं यह नहीं चाहता,deny
ज़रूरत नहीं है,deny
आणि काय नाही,deny
नाही मी माझा विचार बदललाय,deny
नाही मी असं म्हणत नाही,deny
मी नाही करू शकत,deny
नाही,deny
नाही माझं असं म्हणणं न्हवतं,deny
नाय,deny
ना,deny
आणि काय नाही,deny
मला माहित नाही,deny
आणि काही नाही,deny
नाही माहित मला,deny
राहूदे आता,deny
मला आठवत नाही,deny
अजिबात नाही,deny
नाही,deny
दुसरा मार्गच नाही,deny
नाही,deny
प्रश्नच नाही,deny
शंकाच नाही,deny
मी नाही करू शकत,deny
नाही नाही,deny
वेळच नाही,deny
नाही,deny
अरे नाही बाबा,deny
नाही,deny
ना,deny
मला नाही माहित,deny
ऑपशनच नाही,deny
नाही,deny
राहूदे आता,deny
मी नाही करणार,deny
नाही,deny
ना ना,deny
करणार नाही मी,deny
मला जाणून घ्यायचंच नाहीये,deny
काहीच जाणून घ्यायचं नाही आहे मला,deny
मी नाही दिले,deny
दुसरा पर्याय नाही,deny
नाही म्हणजे नाही,deny
ಒಮ್ಮೆ ಹೇಳ್ಳಿದ್ರೆ ಅರ್ಥವಾಗಲ್ವ ಹೇಳ್ಳೋಕಾಗಲ್ಲ,deny
"ಹೇಳೋಕಾಗಲ್ಲ ,ಅರ್ಥವಾಗಲ್ವ",deny
ನನಗೆ ಹೇಳೋಕಾಗಲ್ಲ ನೀವು ಮತ್ತೆ ಮತ್ತೆ ಕೇಳಬೇಡಿ,deny
"ನಾನು ಹೇಳೋಕಾಗಲ್ಲ ,ಹಾಗಾಗಿ ಕೇಳಬೇಡ",deny
"ಹೇಳೋಕಾಗಲ್ಲ ನನಗೆ, ನೀವು ಯಾಕೆ ಕೇಳುತ್ತಿದ್ದೀರಿ",deny
ಹೇಳೋಕಾಗಲ್ಲ ನನಗೆ,deny
ಹೇಳೋಕಾಗಲಾ ಮೇಡಂ,deny
ಹೇಳೋಕಾಗಲ್ಲ,deny
ಇಲ್ಲ ಈಗ ಆಗಲ್ಲ,deny
ಇಲ್ಲ,deny
ಇಲ್ಲ ಆಗಲ್ಲ,deny
ಇಲ್ಲ ಆಗುದಿಲ್ಲ,deny
ಇಲ್ಲ ಮೇಡಂ,deny
ಏನಿಲ್ಲ,deny
ಏನು ಇಲ್ಲ,deny
ಇಲ್ಲ ನಾನು ಮನಸು ಚೇಂಜ್ ಮಾಡಿಲ್ಲ,deny
ಇಲ್ಲ ನನಗೆ ಬೇಡ ಅದು,deny
ನಂಗೆ ಆಗಲ್ಲ,deny
ನೋ,deny
ನನಗೆ ಗುತಿಲ್ಲ,deny
ಮರೆತು ಬಿಡಿ,deny
ನನಗೆ ನೆನಪಿಲ್ಲ,deny
ಸಾಧ್ಯವೇ ಇಲ್ಲ,deny
ಚಾನ್ಸೆ ಇಲ್ಲ,deny
ಇಲ್ಲ ತೆಡೆಯಿರಿ,deny
ನನಗೆ ಮನಸಿಲ್ಲ,deny
ನಾನು ಆರ್ಡರ್ ಮಾಡಿಲ್ಲ,deny
ಇಲ್ಲ ಈಗ ಅಲ್ಲ,deny
ಈಗ ಆಗಲ್ಲ ಪ್ಲೀಸ್,deny
ಈಗ ಇಲ್ಲ ಪ್ಲೀಸ್,deny
ಈಗ ಅಲ್ಲ ಮತ್ತೆ ನೋಡೋಣ,deny
ಈಗ ಆಗಲ್ಲ ನನಗೆ,deny
ಅದು ಆಗಲ್ಲ,deny
ಅದು ಸಾಧ್ಯವಿಲ್ಲ ಸಾರೀ,deny
ಮತ್ತೆ ಏನು ಇಲ್ಲ,deny
ಇಲ್ವೇ ಇಲ್ಲ,deny
ನಿಜವಾಗಲೂ ಇಲ್ಲ,deny
ನಾ ನಾ,deny
ನೋ ನೋ,deny
ನನಗೆ ನೆನಪಿಲ್ಲ,deny
"లేదు, నా వల్ల కాదు",deny
ఏమిలేదు,deny
"లేదు, నేను నా మనసు మార్చుకున్నాను",deny
"లేదు, నాకు అది అవసరం లేదు",deny
నా వల్ల కాదు,deny
లేదు,deny
"లేదు, నాకు అది అవసరం లేదు",deny
లేదు,deny
లేదు,deny
ఏమీలేదు,deny
నాకు తెలియదు,deny
ఏమీలేదు,deny
నాకు తెలియదు,deny
మర్చిపో,deny
నాకు గుర్తులేదు,deny
అస్సలు కుదరదు,deny
లేదు,deny
వీల్లేదు,deny
లేదు,deny
ప్రశ్న లేదు,deny
సాధ్యం కాదు,deny
నా వల్ల కాదు,deny
లేదు లేదు,deny
లేదు ఆగు,deny
లేదు,deny
ఓ లేదు తల్లి,deny
లేదు,deny
లేదు,deny
నాకు తెలియదు,deny
వీల్లేదు,deny
లేదు,deny
అది మర్చిపో,deny
నాకు అది అవసరం లేదు,deny
లేదు,deny
అవసరం లేదు,deny
నాకు చేయాలని లేదు,deny
ఓ తెలుసుకోవాలని లేదు,deny
తెలుసుకోవడానికి ఏమి లేదు,deny
నేను ఆర్డర్ చేయలేదు,deny
నాకు అది అవసరం లేదు,deny
बाय बाय,bye
ठीक है बाय,bye
टाटा,bye
ठीक हे अलविदा,bye
टाटा,bye
जाना होगा,bye
बा बाय,bye
बाई,bye
ध्यान रखें,bye
थैंक्स बाय,bye
अलविदा अलविदा अलविदा,bye
सीया!,bye
बाए,bye
बा बाय,bye
ठीक है बाय,bye
बाय,bye
बाय,bye
चलो बाय,bye
बाय,bye
अलविदा अलविदा अलविदा,bye
बाय,bye
ठीक है बाय,bye
बाय,bye
जल्दी ही फिर मिलेंगे,bye
बा बाय,bye
फिर मिलते हैं,bye
फिर मिलते हैं,bye
बाय,bye
बाय,bye
अलविदा,bye
मुजे जाना है,bye
अलविदा,bye
फिर मिलते हैं,bye
ठीक है बाय,bye
ठीक है बाय,bye
शुक्रिया अलविदा।,bye
जाना है,bye
फिर मिलते हैं!,bye
ठीक है बाय,bye
बाय,bye
bye Bye,bye
OK Bye,bye
Bye,bye
Ok bye,bye
Bye,bye
have to go,bye
Ba bye,bye
bye,bye
Take care,bye
Thanks bye,bye
bye Bye Bye,bye
Cia,bye
Bye,bye
Ba bye,bye
OK Bye,bye
Bye,bye
Bye,bye
bye,bye
Bye,bye
very long,bye
bye Bye Bye,bye
bye,bye
Kk bye,bye
Bye,bye
You look round,bye
See you again soon,bye
Ba bye,bye
See you later,bye
See you later,bye
Bye,bye
Bye,bye
very long,bye
Kk bye,bye
I have to go,bye
Bye,bye
See you later,bye
Ok bye,bye
Ok bye,bye
goodbye thanks,bye
have to go,bye
बाय बाय,bye
ठीक आहे बाय,bye
टाटा,bye
ठीक आहे अलविदा,bye
टाटा,bye
जावं लागेल,bye
हा टाटा,bye
हा बाय,bye
काळजी घ्या,bye
थँक्स जातो आता,bye
ठेवतो आता,bye
सी यु,bye
बाय,bye
ब बाय,bye
ठीक आहे बाय,bye
बाय,bye
टाटा हा,bye
चला टाटा,bye
चला बाय,bye
बस आता,bye
अलविदा दोस्त,bye
बाय,bye
ठीक आहे बाय आता,bye
बाय,bye
हा आतापुरतं बाय,bye
हा परत भेटू,bye
भेटू लवकर,bye
परत भेटू,bye
परत केव्हातरी भेटू,bye
बाय,bye
बाय,bye
गुड बाय,bye
अलविदा,bye
मला जायचं आहे,bye
अलविदा मित्रा,bye
परत भेटू,bye
ठीक आहे बाय,bye
ठीक आहे जातो,bye
शुक्रिया अलविदा,bye
जाणार आहे,bye
ಸರಿ ಮತ್ತೆ ಸಿಗೋಣ,bye
ಬೈ ಬೈ,bye
ಸರಿ ಮತ್ತೆ ಸಿಗೋಣ,bye
ಬೈ,bye
ಸರಿ ಮತ್ತೆ ಸಿಗೋಣ,bye
ಬೈ,bye
ಹೋಗಬೇಕು,bye
ಬಾ ಬೈ,bye
ಬೈ,bye
ಜಾಗ್ರತೆ,bye
ಧನ್ಯವಾದಗಳು ಬೈ,bye
ಬೈ ಬೈ ಬೈ,bye
ಸಿಯಾ,bye
ಬೈ,bye
ಬೈ,bye
ಬಾ ಬೈ,bye
ಸರಿ ಮತ್ತೆ ಸಿಗೋಣ,bye
ಬಹಳ ದಿನಗಳಾಗಿವೆ,bye
ಬೈ,bye
ಬೈ,bye
ಬೈ,bye
ಬೈ,bye
ಬಹಳ ದಿನಗಳಾಗಿವೆ,bye
ಬೈ ಬೈ ಬೈ,bye
ಬೈ,bye
ಬೈ,bye
ಓಕೆ ಬೈ,bye
ಶೀಘ್ರದಲ್ಲೇ ಮತ್ತೆ ಭೇಟಿಯಾಗುತ್ತೇನೆ,bye
ಬೈ,bye
ನಿಮ್ಮನ್ನು ನೋಡಿ,bye
ಶೀಘ್ರದಲ್ಲೇ ಮತ್ತೆ ಭೇಟಿಯಾಗುತ್ತೇನೆ,bye
ಬಾ ಬೈ,bye
ಮತ್ತೆ ಸಿಗೋಣ,bye
ಮತ್ತೆ ಸಿಗೋಣ,bye
ಬೈ,bye
ಧನ್ಯವಾದಗಳು ವಿದಾಯ.,bye
ನಾನು ಹೊಗಬೇಕು,bye
ಬೈ,bye
ಧನ್ಯವಾದಗಳು ವಿದಾಯ.,bye
ಬಹಳ ಉದ್ದವಾಗಿದೆ,bye
বিদায়,bye
ঠিক আছে বিদায়,bye
টাটা,bye
ঠিক আছে বিদায়,bye
টাটা,bye
যেতে হবে,bye
বা বাই,bye
বাই,bye
খেয়াল রেখো,bye
ধন্যবাদ বিদায়,bye
বিদায় বিদায় বিদায়,bye
সিয়া!,bye
বাই,bye
বা বাই,bye
ঠিক আছে বিদায়,bye
বিদায়,bye
বিদায়,bye
ঠিক আছে বিদায়,bye
বিদায়,bye
খুব দীর্ঘ,bye
বিদায় বিদায় বিদায়,bye
বিদায়,bye
ঠিক আছে বিদায়,bye
বিদায়,bye
শীঘ্রই আবার দেখা হবে,bye
বা বাই,bye
আবার দেখা হবে,bye
আবার দেখা হবে,bye
বিদায়,bye
বিদায়,bye
খুব দীর্ঘ,bye
বিদায়,bye
আমাকে যেতে হবে,bye
বিদায়,bye
দেখা হবে,bye
ঠিক আছে বিদায়,bye
ঠিক আছে বিদায়,bye
"ধন্যবাদ, বিদায়।",bye
যেতেে হবে,bye
আবার দেখা হবে,bye
వీడ్కోలు,bye
సరే ఇక ఉంటా,bye
ఇక ఉంటా,bye
సరే ఇక ఉంటా,bye
ఇక ఉంటా,bye
వెళ్ళాలి,bye
బా బై,bye
ఇక ఉంటా,bye
జాగ్రత్త,bye
ధన్యవాదాలు బై,bye
బై బై బై,bye
సిఐఎ,bye
ఇక ఉంటా,bye
బా బై,bye
సరే ఇక ఉంటా,bye
ఇక ఉంటా,bye
ఇక ఉంటా,bye
ఇక ఉంటా,bye
ఇక ఉంటా,bye
చాలా పొడవుగా,bye
బై బై బై,bye
ఇక ఉంటా,bye
కెకె బై,bye
ఇక ఉంటా,bye
మీరు గుండ్రంగా ఉన్నారు,bye
త్వరలో మిమ్మల్ని మళ్లీ చూస్తాను,bye
బా బై,bye
తరువాత కలుస్తాను,bye
తరువాత కలుస్తాను,bye
ఇక ఉంటా,bye
ఇక ఉంటా,bye
చాలా పొడవుగా,bye
కెకె బై,bye
నేను వెళ్ళాలి,bye
ఇక ఉంటా,bye
తరువాత కలుస్తాను,bye
సరే ఇక ఉంటా,bye
సరే ఇక ఉంటా,bye
వీడ్కోలు ధన్యవాదాలు,bye
వెళ్ళాలి,bye
আর কিছু না,deny
"না, আমি আমার মত পরিবর্তন করেছি",deny
"না, আমি এটা চাই না",deny
আমি করতে পারবো না,deny
না,deny
"না, আমি এরকম চাই না",deny
না,deny
নাহ্‌,deny
আর কিছু না,deny
আমি জানি না,deny
আর কিছু না,deny
আমি জানি না,deny
ছেড়ে দাও,deny
আমার মনে নেই,deny
কক্ষনো নয়,deny
নাহ্‌,deny
কোনো সুযোগ নেই,deny
না,deny
কোন প্রশ্নই নেই,deny
অসম্ভব,deny
আমি করতে পারব না,deny
না না,deny
অপেক্ষা নয়,deny
না,deny
আর না বাবা,deny
না,deny
না,deny
আমি জানি না,deny
কোনো সুযোগ নেই,deny
না,deny
ছেড়ে দাও,deny
আমি করতে চাই না,deny
না,deny
না না,deny
আমি করতে চাই না,deny
আরে জানতে চাই না,deny
কিছুই জানতে চাই না,deny
আমি দিইনি,deny
আমি তো এটা চাই না,deny
কোনো প্রয়োজন নেই,deny
How are you,greet
Hello,greet
How was your day,greet
Yo,greet
good afternoon,greet
Hey dude,greet
Hola,greet
Hi how was your day,greet
Hello friend,greet
how,greet
Hi what's up,greet
Hello,greet
Yo What is happening,greet
Hey How is it going,greet
good morning,greet
How are you,greet
Hello friend top of the morning to you.,greet
Hello,greet
Hello. How are you,greet
Hi,greet
good day How is it going,greet
How is it going,greet
Hello good morning.,greet
how are you,greet
how are you brother,greet
Haiye,greet
What's wrong with you,greet
how are you,greet
hey hi,greet
Tell me more,greet
What is happening,greet
how are you brother,greet
Hi,greet
"Hello, my friend",greet
how are you today,greet
Hey how are you,greet
How is your day going,greet
Hello how you doing,greet
how are you,greet
Hi,greet
कैसे है आप,greet
हेलो,greet
आपका दिन कैैसा रहा,greet
यो,greet
हाय,greet
हे यार,greet
होला,greet
"हाय, आपका दिन कैसा रहा",greet
हैलो दोस्त!,greet
कैसे!,greet
हाय क्या हो रहा है?,greet
हेलो,greet
यो क्या हो रहा है,greet
अरे कैसा चल रहा है,greet
शुभ प्रभात,greet
आप कैसे हैं,greet
हैलो दोस्त तुम्हारे लिए सुबह अत्यंत शुभ हो,greet
हेलो,greet
हेलो कैसे हो,greet
नमस्कार,greet
अच्छा दिन! कैसा चल रहा है,greet
कैसा चल रहा है,greet
नमस्ते! शुभ प्रभात.,greet
आप कैसे हो,greet
क्या हाल है भाई,greet
हाईई,greet
तुम्हारे साथ क्या हो रहा है फेल,greet
तुम कैसे हो,greet
हाय,greet
और बता,greet
क्या हो रहा है,greet
क्या हाल है भाई,greet
हाय सारथी,greet
नमस्ते मेरे दोस्त,greet
आज आप कैसे हैं,greet
अरे! कैसे हो?,greet
तुम्हारा दिन कैसा चल रहा है,greet
हैलो आप कैसे कर रहे हैं,greet
आप कैसे हो?,greet
नमस्कार !,greet
कसा आहेस तू,greet
नमस्कार,greet
तुमचा दिवस कसा गेला,greet
हा,greet
हाय,greet
हे मित्रा,greet
होला,greet
"नमस्कार, तुमचा दिवस कसा गेला",greet
नमस्कार मित्रा,greet
कस,greet
हाय काय सुरु आहे,greet
हॅलो,greet
यो काय होत आहे,greet
अरे कसं चाललंय,greet
शुभ सकाळ,greet
तुही कसे आहेत,greet
हॅलो मित्रा तुझ्यासाठी सकाळ खुप शुभ आहे,greet
नमस्कार,greet
हॅलो कसे आहात,greet
नमस्कार,greet
छान दिवस कसा चालाय,greet
कस चाललंय,greet
नमस्ते शुभ सकाळ,greet
तुम्ही कसे आहात,greet
काय चाललंय भावा,greet
हाय,greet
तुझ्यासोबत काय होत आहे,greet
तू कसा आहेस,greet
हाई,greet
अजून काही,greet
काय सुरु आहे,greet
काय हाल आहे भाई,greet
हाय सारथी,greet
नमस्ते माझ्या मित्रा,greet
आज कसा आहेस,greet
अरे कसा आहेस,greet
तुझा दिवस कसा चाललाय,greet
हॅलो कसे आहात,greet
आपण कसे आहात,greet
नमस्कार,greet
ನೀವು ಹೇಗಿದ್ದೀರಿ,greet
ಹಲೋ,greet
ನಿಮ್ಮ ದಿನ ಹೇಗಿತ್ತು,greet
ಯೊ,greet
ಶುಭ ಮಧ್ಯಾಹ್ನ !,greet
ಹೇ ಸೊಗಸುಗಾರ,greet
ಹೋಲಾ,greet
ನಮಸ್ಕಾರ. ನಿಮ್ಮ ದಿನ ಹೇಗಿತ್ತು?,greet
ಹಲೋ ಸ್ನೇಹಿತ!,greet
ಹೇಗೆ!,greet
ಹಾಯ್ ಏನಿದೆ?,greet
ಹಲೋ,greet
ಯೊ! ಏನ್ ಸಮಾಚಾರ ?,greet
ಹೇ! ಎಲ್ಲ ಹೀಗಿದೆ ?,greet
ಶುಭೋದಯ,greet
ನೀವು ಹೇಗಿದ್ದೀರಿ,greet
ಹಲೋ ಸ್ನೇಹಿತ! ಶುಭ ಮುಂಜಾನೆ.,greet
ಹಲೋ,greet
ಹಲೋ. ನೀವು ಹೇಗಿದ್ದೀರಿ,greet
ನಮಸ್ತೆ,greet
ಶುಭ ದಿನ! ಅದು ಹೇಗೆ ನಡೆಯುತ್ತಿದೆ?,greet
ಹೆಂಗೆ ನಡೀತಿದೆ,greet
ಹಲೋ! ಶುಭೋದಯ.,greet
ನೀವು ಹೇಗಿದ್ದೀರಿ?,greet
ಹೇಗಿದ್ದೀರಿ ಸಹೋದರ?,greet
ಹೈ,greet
ಏನಾಗಿದೆ ನಿನಗೆ?,greet
ನೀವು ಹೇಗಿದ್ದೀರಿ,greet
ಅಯ್ಯೋ,greet
ನನಗೆ ಇನ್ನಷ್ಟು ಹೇಳು,greet
ಏನಾಗುತ್ತಿದೆ ?,greet
ಹೇಗಿದ್ದೀರಿ ಸಹೋದರ?,greet
ಹಾಯ್ ರಥ,greet
ಹಲೋ ನನ್ನ ಸ್ನೇಹಿತನೇ,greet
ಇಂದು ನೀವು ಹೇಗಿದ್ದೀರಿ?,greet
ಹೇ! ನೀವು ಹೇಗಿದ್ದೀರಿ?,greet
ನಿನ್ನ ದಿನ ಹೇಗೆ ಸಾಗುತ್ತಿದೆ,greet
ಹಲೋ ನೀವು ಹೇಗೆ ಮಾಡುತ್ತಿದ್ದೀರಿ,greet
ನೀವು ಹೇಗಿದ್ದೀರಿ?,greet
ನಮಸ್ತೆ !,greet
আপনি কেমন আছেন,greet
হ্যালো,greet
আপনার দিনটি কেমন গেল,greet
ইয়ো,greet
হাই,greet
হাই বাডি,greet
হোলা,greet
"হাই, আপনার দিনটি কেমন ছিল?",greet
হ্যালো বন্ধু!,greet
কীভাবে!,greet
হাই কী হচ্ছে?,greet
হ্যালো,greet
এটা কি হচ্ছে,greet
আরে কেমন চলছে,greet
সুপ্রভাত,greet
আপনি কেমন আছেন,greet
হ্যালো বন্ধু সকালে তোমার জন্য অত্যন্ত শুভ হোক,greet
হ্যালো,greet
হ্যালো কেমন আছ,greet
নমস্কার,greet
সুন্দর দিন! কেমন চলছে,greet
কেমন চলছে,greet
নমস্কার! সুপ্রভাত।,greet
তুমি কেমন আছো,greet
কী খবর ভাই,greet
হাইই,greet
তোমার সঙ্গে কী হয়েছে?,greet
তুমি কেমন আছ,greet
হাই,greet
আর বলুন,greet
কী চলছে,greet
কী ব্যাপার ভাই,greet
হাই সারথি,greet
নমস্কার আমার বন্ধু,greet
আজকে আপনি কেমন আছেন,greet
আরে! কেমন আছ?,greet
তোমার দিন কেমন চলছে,greet
"হ্যালো,আপনার কেমন চলছে",greet
আপনি কেমন আছেন,greet
নমস্কার!,greet
మీరు ఎలా ఉన్నారు,greet
హలో,greet
మీకు రోజు ఎలా గడిచింది,greet
యో,greet
గుడ్ ఆఫ్టర్‌నూన్!,greet
హే డ్యూడ్,greet
హలో,greet
హాయ్ మీ రోజు ఎలా ఉంది?,greet
హలో స్నేహితుడా!,greet
ఎలా!,greet
హాయ్ ఏమి ఉంది?,greet
హలో,greet
యో! ఏమి జరుగుతోంది?,greet
హే! ఇది ఎలా జరుగుతోంది?,greet
శుభోదయం,greet
మీరు ఎలా ఉన్నారు,greet
హలో స్నేహితుడా! ఈ రోజంతా మీకు బాగుండాలి,greet
హలో,greet
హలో. మీరు ఎలా ఉన్నారు,greet
హాయ్,greet
శుభ దినం! ఇది ఎలా జరుగుతోంది?,greet
ఇది ఎలా జరుగుతోంది,greet
హలో! శుభోదయం.,greet
మీరు ఎలా ఉన్నారు?,greet
సోదరా ఎలా ఉన్నావు ?,greet
హైయే,greet
మీకు ఏమి అయ్యింది?,greet
మీరు ఎలా ఉన్నారు,greet
హే హాయ్,greet
నాకు మరింత చెప్పండి,greet
ఏమి జరుగుతోంది?,greet
సోదరా ఎలా ఉన్నావు ?,greet
హాయ్,greet
"హలో, నా స్నేహితుడు",greet
ఈరోజు ఎలా ఉన్నారు?,greet
హే! మీరు ఎలా ఉన్నారు?,greet
మీ రోజు ఎలా జరుగుతోంది,greet
హలో మీరు ఎలా ఉన్నారు,greet
మీరు ఎలా ఉన్నారు?,greet
హాయ్!,greet
You have very bad service,humiliate
Don't bother me for useless work,humiliate
Bad service,humiliate
"If you want to talk crap, hang up the phone",humiliate
You have problem in understanding at once,humiliate
What the hell is this,humiliate
What the hell are you saying,humiliate
Don't talk useless,humiliate
Why did you called me unnecessary,humiliate
Don't talk stupid,humiliate
I haven't taken a loan don't talk unnecessarily,humiliate
Are you stupid,humiliate
Do not bother unnecessarily when I am saying I want loan,humiliate
You have some problem in Understanding,humiliate
I don't have time for these useless things,humiliate
Who the hell are you,humiliate
Running a website unnecessarily,humiliate
"Don't waste my time, by talking unnecessary",humiliate
I haven't seen such bad service,humiliate
"Can't you understand, I don't want laon",humiliate
What the hell is this,humiliate
Don't talk stupid,humiliate
Don't bother me for useless work,humiliate
Again you are talking stupid,humiliate
Don't you have any sense,humiliate
Stop talking nonsense,humiliate
Don't give me lecture,humiliate
do you have a brain or not,humiliate
you are utter stupid,humiliate
you can only give such stupid answers,humiliate
are you stupid,humiliate
you are so stupid,humiliate
you know absolutely nothing,humiliate
you are of no use,humiliate
You don't know anything,humiliate
do you know anything or you are of absolutely no use,humiliate
You are a fool,humiliate
will you tell something useful,humiliate
you are ridiculous,humiliate
you are of no help to me,humiliate
बहुत बेकार सर्विस है आपकी,humiliate
बेफालतू काम के लिए परेशान मत करो,humiliate
खराब सर्विस,humiliate
फालतू बात करनी है तो रख दो फोन,humiliate
एक बार में बात समझने में दिक्कत है?,humiliate
क्या बकवास है ये?,humiliate
क्या बकवास बता रहे हो,humiliate
बेकार की बात मत करिए,humiliate
यह बेवजह की बात करने के लिए फोन किया है?,humiliate
बेवकूफी वाली बात मत करो,humiliate
मैंने कोई लोन नहीं लिया है बेवजह की बात मत करो,humiliate
बेवकूफ हो क्या,humiliate
बेकार में मत परेशान करो जब मैं कह रहा नहीं चाहिए लोन,humiliate
तुमको समझने में कोई दिक्कत हो रही?,humiliate
ये बेकार कामों के लिए टाइम नहीं है मेरे पास,humiliate
कौन हो भाई?,humiliate
बेकार में वेबसाइट चला रहे,humiliate
दिमाग मत ख़राब करो ये बात करके,humiliate
इससे खराब सर्विस आज तक नहीं देखी हमने,humiliate
समझ नहीं आ रहा है क्या एक बार में कि नहीं चाहिए लोन,humiliate
क्या बेवकूफी है ये,humiliate
बकवास की बात न बताओ,humiliate
फालतू कामों के लिए मत परेशां किया करो,humiliate
फिर बेकार की बात बता रहे हो,humiliate
सेंस नहीं है क्या कोई,humiliate
बकवास बंद करो,humiliate
ज्ञान न दो,humiliate
अक्ल है या नहीं,humiliate
हद बेवक़ूफ़ हो,humiliate
बस यही फालतू जवाब दो,humiliate
बेवकूफ हो क्या पूरे,humiliate
एकदम ही बेवकूफ हो,humiliate
हद है कुछ नहीं पता है तुम्हे,humiliate
किसी काम के न हो भाई तुम,humiliate
तुम्हे कुछ भी नहीं पता रहता है,humiliate
कुछ आता है तुमको या एकदम ही बेकार हो,humiliate
यार एकदम उल्लू हो तुम,humiliate
कुछ ढंग का बताओगे,humiliate
तुम एक बेवकूफ हो,humiliate
तुम किसी काम के नहीं हो,humiliate
खूप वाईट सेवा आहे तुमची,humiliate
फालतू कामासाठी त्रास देऊ नका,humiliate
बेकार सेवा,humiliate
वायफळ बडबड करायची असेल तर फोन ठेव,humiliate
एकदा सांगितलेलं समजत नाही का,humiliate
काय बकवास आहे हे,humiliate
काय बकवास सांगालासा हे,humiliate
बेकारीच्या गोष्टी करू नका,humiliate
असल्या फालतू गोष्टीसाठी कॉल केला आहात,humiliate
कायपण बोलू नका,humiliate
मी कोणतंच लोन घेतलेले नाही विनाकारण कॉल करू नका,humiliate
बावळट आहेस का,humiliate
विनाकारण त्रास देऊ नका मी सांगलोय ना कि मला लोन नको आहे,humiliate
तुम्हाला समजेना झालाय का,humiliate
या असल्या फालतू कामासाठी माझ्याकडे वेळ नाही आहे,humiliate
कोण आहेस तू भावा,humiliate
काम नसताना वेबसाईट चालवत हाईस,humiliate
डोक फिरवू नकोस हे बोलून,humiliate
असली बाद सेवा कुठे बघितली नाही मी,humiliate
एकदा सांगितलेलं समजत नाही का नको आहे लोन म्हंटल्यावर,humiliate
शुद्ध फालतूपणा आहे हा,humiliate
बकवास करू नकोस,humiliate
फालतू कामासाठी त्रास देऊ नका,humiliate
आणि परत बेकार बोलू नकोस,humiliate
अक्कल नाही आहे का तुला,humiliate
बडबड बंद कर,humiliate
मला शिकवू नकोस,humiliate
अक्कल आहे का नाही,humiliate
हद पार करू नकोस,humiliate
बास हे फालतू उत्तर,humiliate
खुळा आहेस का तू,humiliate
पूरा खुळा आहेस,humiliate
गप बस तुला काय माहित आहे,humiliate
कोणत्या कामाचा नाहीस तू भावा,humiliate
तुला काही माहित नसतय,humiliate
काय येतंय तुला काय असच अडाणी आहेस,humiliate
यार वेडा आहेस का तू,humiliate
काही कामाचं बोल,humiliate
तू एक खुळा आहेस,humiliate
तू कसल्या कामाचा नाही आहेस,humiliate
ನೀವು ನಿಜವಾಗಿಯೂ ದಡ್ಡರು,humiliate
ಅವಿವೇಕಿ ಮಾತನಾಡಬೇಡಾ,humiliate
ಮೊದಲು ನಿಮ್ಮ ಬಾಸ್‌ನೊಂದಿಗೆ ಹೇಗೆ ಮಾತನಾಡಬೇಕೆಂದು ಕಲಿಯಿರಿ,humiliate
ಅನಾವಶ್ಯಕ ಮಾತನಾಡಬೇಡಿ,humiliate
"ನೀವು ಕುಡಿದಿದ್ದೀರಾ ಬ್ರೋ, ನೀವು ಯಾಕೆ ಹಾಗೆ ಉತ್ತರಿಸುತ್ತಿದ್ದೀರಿ?",humiliate
ನೀವು ದೂಷಿಸುತ್ತಿದ್ದೀರಾ?,humiliate
ನಿಮಗೆ ಶೂನ್ಯ ಪ್ರಜ್ಞೆ ಇದೆ,humiliate
ನಿಮ್ಮನ್ನು ಮೂರ್ಖರನ್ನಾಗಿ ಮಾಡಿದವರು ಯಾರು ಎಂದು ಗೊತ್ತಿಲ್ಲ,humiliate
ನೀವು ಅಂತಹ ಅಗ್ಗದ ಕಂಪನಿ,humiliate
ಅನುಪಯುಕ್ತ ಶಿಟ್ ತುಂಡು,humiliate
ನೀವು ಸಹ ನಿಷ್ಪ್ರಯೋಜಕ,humiliate
ನಾನು ನಿಮ್ಮೊಂದಿಗೆ ಮಾತನಾಡಬೇಕು ಎಂದು ನಾನು ಇಂದು ಅವರ ಮುಖವನ್ನು ನೋಡಿದೆ,humiliate
ನನ್ನೊಂದಿಗೆ ಲದ್ದಿ ಮಾತನಾಡುವುದನ್ನು ನಿಲ್ಲಿಸಿ,humiliate
ನೀವು ಈಗ ಸ್ಥಗಿತಗೊಳಿಸುತ್ತೀರಾ,humiliate
ತೊಲಗಿ ಹೋಗು,humiliate
ನಿಮ್ಮ ಅಸಂಬದ್ಧತೆಯನ್ನು ನಾನು ಇನ್ನು ಸಹಿಸುವುದಿಲ್ಲ,humiliate
ನನ್ನ ತಲೆಯೊಂದಿಗೆ ಗೊಂದಲಗೊಳ್ಳಬೇಡಿ,humiliate
ನೀವು ಅಂತಹ ಮೂರ್ಖರು,humiliate
ನಿಮ್ಮ ಮಾತುಗಳು ಕಳಪೆಯಾಗಿವೆ,humiliate
ನೀವು ತುಂಬಾ ಮಾತನಾಡುತ್ತೀರಿ,humiliate
ನೀವು ಸಂಪೂರ್ಣ ನಿಷ್ಪ್ರಯೋಜಕ,humiliate
ನಿಮಗೆ ಮೆದುಳು ಇಲ್ಲ ಎಂದು ತೋರುತ್ತಿದೆ,humiliate
ಬಾಯಿ ಮುಚ್ಚು!,humiliate
ನೀವು ಮೂರ್ಖನಂತೆ ಕಾಣುತ್ತೀರಿ,humiliate
ನೀವು ಬಹಳಷ್ಟು ಲದ್ದಿ ಮಾತನಾಡುತ್ತೀರಿ,humiliate
ನೀನು ಹುಚ್ಚನೇ?,humiliate
ನೀವು ನನಗೆ ತಲೆನೋವು ತರುತ್ತಿದ್ದೀರಿ,humiliate
ಆದ್ದರಿಂದ ನೀವು ದಡ್ಡರು,humiliate
ನೀವು ಈಗ ಅಸಂಬದ್ಧವಾಗಿ ಮಾತನಾಡುತ್ತಿದ್ದೀರಿ,humiliate
ನೀವು ತುಂಬಾ ಮೂಕ,humiliate
ನನಗೆ ಉಪನ್ಯಾಸ ನೀಡುವುದನ್ನು ನಿಲ್ಲಿಸಿ,humiliate
ನೀವು ಅಂತಹ ದೊಡ್ಡ ಡಂಬಸ್,humiliate
ನಿಮಗೆ ಬುದ್ಧಿ ಇಲ್ಲ,humiliate
ಡ್ಯಾಮ್ ಯು,humiliate
ಹಾಳಾಗಿ ಹೋಗು,humiliate
ನಿಮ್ಮ ವಟಗುಟ್ಟುವಿಕೆ ನಿಲ್ಲಿಸಿ,humiliate
ನಾನು ನಿಮಗೆ ಮುಖದಲ್ಲಿ ಸ್ಮ್ಯಾಕ್ ನೀಡಬಹುದೆಂದು ನಾನು ಬಯಸುತ್ತೇನೆ,humiliate
ಈಗ ಈ ಬುಲ್‌ಶಿಟ್‌ನೊಂದಿಗೆ ನಿಲ್ಲಿಸಿ,humiliate
ನೀವು ಅಂತಹ ನಾಚಿಕೆಗೇಡು,humiliate
ನೀವು ಅವಿವೇಕದ ಬೋಟ್,humiliate
খুব বাজে পরিষেবা আপনার,humiliate
ফালতু কাজের জন্য বিরক্ত করো না,humiliate
বাজে পরিষেবা,humiliate
ফালতু কথা বলতে চাইলে তবে ফোনটি রাখুন,humiliate
একবারে বোঝা কি কঠিন?,humiliate
এগুলো কী বাজে কথা?,humiliate
কি বাজে কথা বলছ,humiliate
বাজে কথা বলবেন না,humiliate
এসব অপ্রয়োজনীয় কথা বলার জন্য কি ফোন করেছেন?,humiliate
বোকার মতো কথা বলো না,humiliate
"আমি কোনও ঋণ নিইনি, অযথা কথা বলো না",humiliate
বোকা নাকি,humiliate
বৃথা বিরক্ত করবেন না আমি বলছি যে আমার লোন চাই না,humiliate
তোমার কি বুঝতে কোনও অসুবিধা হচ্ছে?,humiliate
এই বেকার কাজগুলির জন্য আমার সময় নেই,humiliate
তুমি কে ভাই?,humiliate
এটা নিয়ে কথা বলে মাথা খারাপ করো না,humiliate
আমরা আজ পর্যন্ত এর চেয়ে খারাপ পরিষেবা দেখিনি।,humiliate
একবারে কি বুঝতে পারছো না যে লোন চাই না,humiliate
এটা কী ধরনের বোকামো,humiliate
বাজে কথা বলো না,humiliate
ফালতু কাজেের জন্য বিরক্ত করো না,humiliate
আবার বেকার কথা বলছ,humiliate
সেন্স নেই নাকি,humiliate
বাজে কথা বন্ধ করো,humiliate
জ্ঞান দিও না,humiliate
বোধ আছে কি নেই,humiliate
বোকা নাাকি,humiliate
শুধু এই ফালতু উত্তর দাও,humiliate
পুরো বোকা নাকি,humiliate
একদমই বোকা,humiliate
"উফ্‌, তুমি কিছুই জানো না।",humiliate
তুমি কোনও কাজের না ভাই,humiliate
তুমি দেখি কোনও খোঁজই রাখো না,humiliate
কিছু কি পারো নাকি একদমই বেকার,humiliate
"ভাই, তুমি একদম পেঁচা।",humiliate
কিছুু ঠিকঠাক বলবে,humiliate
তুমি একটি বোকা,humiliate
তুমি কোন কাজের নয়,humiliate
তুমি কি চুপ করে থাকবে,humiliate
మీకు చాలా చెడ్డ సర్వీస్ ఉంది,humiliate
పనికిరాని పనికి నన్ను ఇబ్బంది పెట్టవద్దు,humiliate
చెడ్డ సేవ,humiliate
"మీరు అనవసరమైన మాటలు మాట్లాడాలనుకుంటే, ఫోన్ ను కట్ చెయ్యండి",humiliate
మీకు ఒకేసారి అర్థం చేసుకోవడంలో సమస్య ఉంది,humiliate
అసలు ఇది ఏమిటి?,humiliate
మీరు ఏమి చెబుతున్నారు,humiliate
పనికిరానిమాటలు మాట్లాడవద్దు,humiliate
మీరు నన్ను అనవసరంగా ఎందుకు పిలిచారు,humiliate
తెలివితక్కువ గా మాట్లాడవద్దు,humiliate
నేను రుణం తీసుకోలేదు అనవసరంగా మాట్లాడవద్దు,humiliate
నువ్వు తెలివితక్కువ వాడివా,humiliate
నాకు రుణం కావాలని నేను చెబుతున్నప్పుడు అనవసరంగా ఇబ్బంది పడవద్దు.,humiliate
అర్థం చేసుకోవడంలో మీకు ఏదో సమస్య ఉంది,humiliate
ఈ పనికిరాని విషయాలకు నాకు సమయం లేదు,humiliate
ఎవర్రా మీరు?,humiliate
అనవసరంగా వెబ్ సైట్ రన్ చేస్తున్నారు,humiliate
అనవసరంగా మాట్లాడటం ద్వారా నా సమయాన్ని వృధా చేయవద్దు,humiliate
నేను ఇంత చెడ్డ సేవను చూడలేదు,humiliate
"మీరు అర్థం చేసుకోలేరా, నాకు లోన్ వొద్దు",humiliate
అసలు ఇది ఏమిటి?,humiliate
తెలివితక్కువ మాట్లాడవద్దు,humiliate
పనికిరాని పనికి నన్ను ఇబ్బంది పెట్టవద్దు,humiliate
మళ్ళీ మీరు తెలివితక్కువ గా మాట్లాడుతున్నారు,humiliate
మీకు ఎలాంటి బుద్ధి లేదా,humiliate
నాన్సెన్స్ మాట్లాడటం ఆపండి,humiliate
నాకు ఉపన్యాసం ఇవ్వవద్దు,humiliate
మీకు మెదడు ఉందా లేదా?,humiliate
మీరు పూర్తిగా తెలివితక్కువవారు,humiliate
మీరు అలాంటి తెలివితక్కువ సమాధానాలు మాత్రమే ఇవ్వగలరు,humiliate
నువ్వు తెలివితక్కువ వాడివా,humiliate
మీరు చాలా తెలివితక్కువవారు,humiliate
మీకు ఏమీ తెలియదు,humiliate
మీ వల్ల ఏ ఉపయోగం లేదు,humiliate
మీకు ఏమీ తెలియదు,humiliate
మీకు ఏదైనా తెలుసా లేదా మీ వల్ల ఉపయోగం లేదు,humiliate
మీరు ఒక మూర్ఖుడు,humiliate
మీరు ఉపయోగకరమైన విషయం చెబుతారా,humiliate
మీరు వేళాకోళంగా ఉన్నారు,humiliate
మీరు నాకు సహాయం చెయ్యలేరు,humiliate
Thanks,thanks
Thanks a lot,thanks
Thank you very much,thanks
I thank you,thanks
Thanks friend,thanks
Thanks,thanks
thank you,thanks
Thank you very much,thanks
thank you goodbye,thanks
Thanks a lot,thanks
thank you,thanks
Thank you very much,thanks
thank you,thanks
thank you goodbye,thanks
I thank you,thanks
Thank you very much,thanks
Thank you very much,thanks
thank you,thanks
thank for your help,thanks
Thank you very much,thanks
Thank you very much,thanks
Thank you,thanks
Thanks,thanks
I thank you from the bottom of my heart,thanks
thanks a lot,thanks
Thanks,thanks
I thank you from the bottom of my heart,thanks
thank you goodbye,thanks
thank for your help,thanks
thanks a lot,thanks
Thanks a lot,thanks
Thank you,thanks
I thank you from the bottom of my heart,thanks
Thanks a lot,thanks
Thanks,thanks
I am thankful. Thanks a lot,thanks
Thanks,thanks
Thanks,thanks
Thanks a ton,thanks
Thanks a lot,thanks
थॅंक्स,thanks
आपका बहुत बहुत धन्यवाद,thanks
बहुत बहुत शुक्रिया,thanks
मैं आपको धन्यवाद देता हूँ,thanks
थैंक्स यार,thanks
थँक्स,thanks
शुक्रिया,thanks
बहुत बहुत शुक्रिया,thanks
धन्यवाद अलविदा,thanks
बहुत थैंक्स,thanks
शुक्रिया,thanks
शुक्रिया आपका बहुत,thanks
शुक्रिया,thanks
धन्यवाद अलविदा,thanks
मैं आपको धन्यवाद देता हूँ,thanks
शुक्रिया आपका बहुत,thanks
बहुत बहुत शुक्रिया,thanks
शुक्रिया,thanks
मदद के लिए शुक्रिया,thanks
बहुत बहुत शुक्रिया,thanks
बहुत बहुत शुक्रिया,thanks
थैंक यू,thanks
थॅंक्स,thanks
मैं आपको अपने दिल से धन्यवाद देता हूं,thanks
बहुत धन्यवाद,thanks
थॅंक्स,thanks
मैं आपको अपने दिल से धन्यवाद देता हूं,thanks
धन्यवाद अलविदा,thanks
मदद के लिए शुक्रिया,thanks
बहुत धन्यवाद,thanks
बहुत थैंक्स,thanks
थैंक यू,thanks
मैं आपको अपने दिल से धन्यवाद देता हूं,thanks
आपका बहुत बहुत धन्यवाद,thanks
थँक्स,thanks
मैं आभारी हूँ. बहुत बहुत धन्यवाद,thanks
थॅंक्स,thanks
थँक्स,thanks
अनेक अनेक धन्यवाद,thanks
बहुत बहुत धन्यवाद,thanks
आभारी आहे,thanks
थँक्स,thanks
खूप आभारी आहे,thanks
खूप खूप आभारी आहे,thanks
धन्यवाद,thanks
हा थँक्स,thanks
आभारी आहे,thanks
खूप खूप धन्यवाद,thanks
थँक यु,thanks
हा धन्यवाद,thanks
ठीक आहे थँक्स,thanks
आभारी आहे तुमचा,thanks
धन्यवाद,thanks
धन्यवाद बाय,thanks
मी तुमचा आभारी आहे,thanks
धन्यवाद तुमाला,thanks
खूप खूप आभारी आहे,thanks
शुक्रिया,thanks
मदतीसाठी आभारी आहे,thanks
खूप खूप धन्यवाद,thanks
खूप आनंद झाला आभारी आहे,thanks
थँक यु,thanks
थँक्स,thanks
मी मनापासून आभारी आहे,thanks
मी मनापासून तुमचा आभारी आहे,thanks
खूप खूप आभारी आहे,thanks
हृदयापासून आभार आहे,thanks
धन्यवाद,thanks
मदत केल्याबद्दल आभारी आहे,thanks
खूप धन्यवाद,thanks
खूप थँक्स,thanks
वेळ दिल्याबद्दल आभारी आहे,thanks
चांगली माहिती दिल्याबद्दल आभारी आहे,thanks
तुमचा खूप खूप आभारी आहे,thanks
थँक्स,thanks
मी तुमचा आभारी आहे,thanks
धन्यवाद,thanks
थँक्स,thanks
खूपच धन्यवाद,thanks
खूपच आभारी आहे,thanks
ಅದು ಸಾಕು,thanks
ಧನ್ಯವಾದಗಳು,thanks
ಧನ್ಯವಾದಗಳು,thanks
ತುಂಬಾ ಧನ್ಯವಾದಗಳು,thanks
ತುಂಬ ಧನ್ಯವಾದಗಳು,thanks
ನಿಮಗೆ ಧನ್ಯವಾದಗಳನ್ನು ಸಲ್ಲಿಸುತ್ತೇನೆ,thanks
ಧನ್ಯವಾದಗಳು ಸ್ನೇಹಿತ,thanks
ಧನ್ಯವಾದಗಳು,thanks
ಧನ್ಯವಾದಗಳು,thanks
ತುಂಬ ಧನ್ಯವಾದಗಳು,thanks
ಧನ್ಯವಾದಗಳು ವಿದಾಯ,thanks
ತುಂಬಾ ಧನ್ಯವಾದಗಳು,thanks
ಧನ್ಯವಾದಗಳು,thanks
ತುಂಬ ಧನ್ಯವಾದಗಳು,thanks
ಧನ್ಯವಾದಗಳು,thanks
ಧನ್ಯವಾದಗಳು ವಿದಾಯ,thanks
ನಿಮಗೆ ಧನ್ಯವಾದಗಳನ್ನು ಸಲ್ಲಿಸುತ್ತೇನೆ,thanks
ತುಂಬ ಧನ್ಯವಾದಗಳು,thanks
ತುಂಬ ಧನ್ಯವಾದಗಳು,thanks
ಧನ್ಯವಾದಗಳು,thanks
ನಿಮ್ಮ ಸಹಾಯಕ್ಕಾಗಿ ಧನ್ಯವಾದಗಳು,thanks
ತುಂಬ ಧನ್ಯವಾದಗಳು,thanks
ತುಂಬ ಧನ್ಯವಾದಗಳು,thanks
ಧನ್ಯವಾದಗಳು,thanks
ಧನ್ಯವಾದಗಳು,thanks
ಹೃದ್ಪೂರ್ವಕ ಧನ್ಯವಾದಗಳು,thanks
ತುಂಬಾ ಧನ್ಯವಾದಗಳು,thanks
ಧನ್ಯವಾದಗಳು,thanks
ಹೃದ್ಪೂರ್ವಕ ಧನ್ಯವಾದಗಳು,thanks
ಧನ್ಯವಾದಗಳು ವಿದಾಯ,thanks
ನಿಮ್ಮ ಸಹಾಯಕ್ಕಾಗಿ ಧನ್ಯವಾದಗಳು,thanks
ತುಂಬಾ ಧನ್ಯವಾದಗಳು,thanks
ತುಂಬಾ ಧನ್ಯವಾದಗಳು,thanks
ಧನ್ಯವಾದಗಳು,thanks
ನನ್ನ ಹೃದಯದ ಕೆಳಗಿನಿಂದ ನಾನು ನಿಮಗೆ ಧನ್ಯವಾದಗಳು,thanks
ತುಂಬಾ ಧನ್ಯವಾದಗಳು,thanks
ಧನ್ಯವಾದಗಳು,thanks
ನಾನು ಕೃತಜ್ಞನಾಗಿದ್ದೇನೆ. ತುಂಬಾ ಧನ್ಯವಾದಗಳು,thanks
ಧನ್ಯವಾದಗಳು,thanks
ಧನ್ಯವಾದಗಳು,thanks
ধন্যবাদ,thanks
আপনাকে অসংখ্য ধন্যবাদ,thanks
অনেক অনেক ধন্যবাদ,thanks
আমি আপনাকে ধন্যবাদ জানাই,thanks
ধন্যবাদ বন্ধু,thanks
থ্যাঙ্কস,thanks
ধন্যবাদ,thanks
অনেক অনেক ধন্যবাদ,thanks
ধন্যবাদ বাই,thanks
খুব ধন্যবাদ,thanks
ধন্যবাদ,thanks
অসংখ্য ধন্যবাদ আপনাকে,thanks
ধন্যবাদ,thanks
ধন্যবাদ বাই,thanks
আমি আপনাকে ধন্যবাদ জানাই,thanks
অসংখ্য ধন্যবাদ আপনাকে,thanks
অসংখ্য ধন্যবাদ,thanks
ধন্যবাদ,thanks
সাহায্যের জন্য ধন্যবাদ,thanks
অসংখ্য ধন্যবাদ,thanks
অসংখ্য ধন্যবাদ,thanks
ধন্যবাদ,thanks
ধন্যবাদ,thanks
আমি আপনাকে আমার হৃদয় থেকে ধন্যবাদ জানাই,thanks
অনেক ধন্যবাদ,thanks
ধন্যবাদ,thanks
আমি আপনাকে আমার হৃদয় থেকে ধন্যবাদ জানাই,thanks
ধন্যবাদ বাই,thanks
সাহায্যের জন্য ধন্যবাদ,thanks
অনেক ধন্যবাদ,thanks
খুব ধন্যবাদ,thanks
ধন্যবাদ,thanks
আমি আপনাকে আমার হৃদয় থেকে ধন্যবাদ জানাই,thanks
আপনাকে অসংখ্য ধন্যবাদ,thanks
ধন্যবাদ,thanks
আমি কৃতজ্ঞ। অসংখ্য ধন্যবাদ,thanks
ধন্যবাদ,thanks
ধন্যবাদ,thanks
অনেক অনেক ধন্যবাদ,thanks
অসংখ্য ধন্যবাদ,thanks
ధన్యవాదాలు,thanks
చాలా ధన్యవాదాలు,thanks
చాలా ధన్యవాదాలు,thanks
నేను మీకు ధన్యవాదాలు తెలియజేస్తున్నాను,thanks
ధన్యవాదాలు స్నేహితుడా,thanks
ధన్యవాదాలు,thanks
ధన్యవాదాలు,thanks
చాలా ధన్యవాదాలు,thanks
ధన్యవాదాలు వీడ్కోలు,thanks
చాలా ధన్యవాదాలు,thanks
ధన్యవాదాలు,thanks
చాలా ధన్యవాదాలు,thanks
ధన్యవాదాలు,thanks
ధన్యవాదాలు వీడ్కోలు,thanks
నేను మీకు ధన్యవాదాలు తెలియజేస్తున్నాను,thanks
చాలా ధన్యవాదాలు,thanks
చాలా ధన్యవాదాలు,thanks
ధన్యవాదాలు,thanks
మీ సహాయానికి ధన్యవాదాలు,thanks
చాలా ధన్యవాదాలు,thanks
చాలా ధన్యవాదాలు,thanks
ధన్యవాదాలు,thanks
ధన్యవాదాలు,thanks
నా హృదయపూర్వకంగా నేను మీకు ధన్యవాదాలు తెలియజేస్తున్నాను.,thanks
చాలా ధన్యవాదాలు,thanks
ధన్యవాదాలు,thanks
నా హృదయపూర్వకంగా నేను మీకు ధన్యవాదాలు తెలియజేస్తున్నాను.,thanks
ధన్యవాదాలు వీడ్కోలు,thanks
మీ సహాయానికి ధన్యవాదాలు,thanks
చాలా ధన్యవాదాలు,thanks
చాలా ధన్యవాదాలు,thanks
ధన్యవాదాలు,thanks
నా హృదయపూర్వకంగా నేను మీకు ధన్యవాదాలు తెలియజేస్తున్నాను.,thanks
చాలా ధన్యవాదాలు,thanks
ధన్యవాదాలు,thanks
నేను కృతజ్ఞుడిని. చాలా ధన్యవాదాలు,thanks
ధన్యవాదాలు,thanks
ధన్యవాదాలు,thanks
చాలా ధన్యవాదాలు,thanks
చాలా ధన్యవాదాలు,thanks